{
	"format_version": "1.8.0",
	"animations": {
		"animation.skelebuff.idle": {
			"loop": true,
			"animation_length": 2,
			"bones": {
				"leg1": {
					"position": {
						"0.0": [-1, 0, 0],
						"1.0417": [-1, 0, 0],
						"1.5417": [-1, 0, 0],
						"2.0": [-1, 0, 0]
					}
				},
				"leg2": {
					"position": {
						"0.0": [1, 0, 0],
						"1.0417": [1, 0, 0],
						"1.5417": [1, 0, 0],
						"2.0": [1, 0, 0]
					}
				},
				"upperbody": {
					"rotation": {
						"0.0": [0, 0, 0],
						"1.0": [-4.99572, 0.00419, -0.14895],
						"2.0": [0, 0, 0]
					}
				},
				"shoulderneck": {
					"rotation": {
						"0.0": [0, 0, 0],
						"1.0": [7.49737, -0.00788, 0.32685],
						"2.0": [0, 0, 0]
					},
					"position": {
						"0.0": [0, 0, -1],
						"1.0": [0, 0, 4],
						"2.0": [0, 0, -1]
					}
				}
			}
		},
		"animation.skelebuff.walk": {
			"loop": true,
			"animation_length": 2,
			"bones": {
				"hips": {
					"rotation": {
						"0.0": [0.00601, -0.06564, 0.20802],
						"1.0": [-2.45057, 0.48755, 0.10068],
						"2.0": [0.00601, -0.06564, 0.20802]
					}
				},
				"leg1": {
					"rotation": {
						"0.0": [1.90127, -1.61307, 32.28851],
						"0.5": [2.45774, 0.41889, -17.67574],
						"1.0": [1.90127, -1.61307, 32.28851],
						"1.5": [2.45774, 0.41889, -17.67574],
						"2.0": [1.90127, -1.61307, 32.28851]
					},
					"position": {
						"0.0": [-1, 0, 0],
						"1.0": [-1, 0, 0],
						"2.0": [-1, 0, 0]
					}
				},
				"leg2": {
					"rotation": {
						"0.0": [0, 0, -17.5],
						"0.5": [0, 0, 25],
						"1.0": [0, 0, -17.5],
						"1.5": [0, 0, 25],
						"2.0": [0, 0, -17.5]
					}
				},
				"shoulderneck": {
					"rotation": {
						"0.0": [0.07789, 0.2977, -0.24004],
						"1.0": [2.36582, -0.79621, 0.12245],
						"2.0": [0, 0, 0]
					},
					"position": {
						"0.0": [0, 0, -1],
						"1.0": [0, 0, 1],
						"2.0": [0, 0, -1]
					}
				},
				"leftfore": {
					"rotation": {
						"0.0": [0, 0, -5],
						"1.0": [2.21846, 2.11879, -11.0099],
						"2.0": [0, 0, -5]
					},
					"position": {
						"0.0": [2, 0, 0],
						"1.0": [5, 0, 1],
						"2.0": [2, 0, 0]
					}
				},
				"leftfore2": {
					"rotation": {
						"0.0": [-3.37722, -0.92856, -3.54153],
						"1.0": [-3.02236, -1.77063, -18.52219],
						"2.0": [-3.37722, -0.92856, -3.54153]
					},
					"position": {
						"0.0": [2, 0, -2],
						"1.0": [8, 2, -2],
						"2.0": [2, 0, -2]
					}
				},
				"upperbody": {
					"rotation": {
						"0.0": [2.36582, -0.79621, 0.12245],
						"1.0": [-2.36775, 0.79047, -0.15523],
						"2.0": [2.36582, -0.79621, 0.12245]
					}
				}
			}
		},
		"animation.skelebuff.attack": {
			"loop": true,
			"animation_length": 0.75,
			"bones": {
				"body": {
					"rotation": [0, 0, 0],
					"position": [0, 0, 0],
					"scale": 1
				},
				"leftarm": {
					"rotation": {
						"0.25": [0, 0, 57.5],
						"0.5": [0, 0, -52.5]
					}
				},
				"leftfore": {
					"rotation": {
						"0.25": [0, 0, -107.5],
						"0.5": [6.26765, 7.52076, -36.08597],
						"0.75": [0, 0, 0]
					},
					"position": [0, 0, 0],
					"scale": 1
				}
			}
		}
	}
}