{
	"format_version": "1.8.0",
	"animations": {
		"animation.snoot.move": {
			"loop": true,
			"animation_length": 2,
			"bones": {
				"leg1": {
					"rotation": {
						"0.0": [0, 0, -10],
						"1.0": [4.9361, -0.19087, 11.94964],
						"2.0": [0, 0, -10]
					},
					"position": {
						"0.0": [1, 0, 0],
						"1.0": [0, 0, 0],
						"2.0": [1, 0, 0]
					}
				},
				"leg2": {
					"rotation": {
						"0.0": [0, 0, 12.5],
						"1.0": [0, 0, -20],
						"2.0": [0, 0, 12.5]
					},
					"position": {
						"0.0": [0, 0, 0],
						"1.0": [2, 0, 0],
						"2.0": [0, 0, 0]
					}
				},
				"bone": {
					"rotation": {
						"0.0": [2.41845, -0.40923, -2.98998],
						"1.0": [-7.40078, -0.6072, -1.0159],
						"2.0": [2.41845, -0.40923, -2.98998]
					},
					"position": {
						"0.0": [-2, 0, 0],
						"1.0": [0, 0, 1],
						"2.0": [-2, 0, 0]
					}
				},
				"belly": {
					"rotation": {
						"0.0": [4.9788, 0.15103, 0.44122],
						"1.0": [-2.48772, -0.09091, -0.21635],
						"2.0": [4.9788, 0.15103, 0.44122]
					}
				},
				"head2": {
					"rotation": {
						"0.0": [-0.0198, -0.36358, -1.63583],
						"1.0": [-4.93501, -0.39028, -0.68608],
						"2.0": [-0.0198, -0.36358, -1.63583]
					},
					"position": {
						"0.0": [-1, 0, 0],
						"1.0": [0, 0, 0],
						"2.0": [-1, 0, 0]
					}
				},
				"neck1": {
					"rotation": {
						"0.0": [-1.18698, 1.0449, 4.73268],
						"1.0": [-1.74728, 1.60316, 7.09137],
						"2.0": [-1.18698, 1.0449, 4.73268]
					}
				},
				"neck2": {
					"rotation": {
						"0.0": [0.62485, -0.48475, -2.37428],
						"1.0": [-0.60426, 0.51019, 2.36895],
						"2.0": [0.62485, -0.48475, -2.37428]
					}
				}
			}
		}
	}
}