{
	"format_version": "1.8.0",
	"animations": {
		"animation.walker.walk": {
			"loop": true,
			"animation_length": 1,
			"bones": {
				"leg1": {
					"rotation": {
						"0.0": [-7.5, 0, 0],
						"0.5": [20, 0, 0],
						"1.0": [-7.5, 0, 0]
					}
				},
				"leg2": {
					"rotation": {
						"0.0": [12.5, 0, 0],
						"0.5": [-12.5, 0, 0],
						"1.0": [12.5, 0, 0]
					}
				},
				"belly": {
					"rotation": {
						"0.0": [0.11493, -0.11368, -2.49488],
						"0.5": [0.09344, -0.13191, 7.50512],
						"1.0": [0.11493, -0.11368, -2.49488]
					}
				}
			}
		},
		"animation.walker.idle": {
			"loop": true,
			"animation_length": 1,
			"bones": {
				"body": {
					"rotation": {
						"0.0": [0, 0, 0],
						"1.0": [0, 0, 0]
					}
				},
				"leg1": {
					"rotation": {
						"0.0": [0, 0, 0],
						"0.5": [0, 0, 2.5],
						"1.0": [0, 0, 0]
					}
				},
				"leg2": {
					"rotation": {
						"0.0": [7.47178, 0.65182, -4.95744],
						"0.5": [7.49294, -0.32621, 2.47864],
						"1.0": [7.47178, 0.65182, -4.95744]
					}
				},
				"leglower2": {
					"rotation": [0, 0, 0]
				},
				"belly": {
					"rotation": {
						"0.0": [0, 0, -2.5],
						"0.5": [0, 0, 2.5],
						"1.0": [0, 0, -2.5]
					}
				}
			}
		},
		"animation.walker.attack": {
			"animation_length": 0.54167,
			"bones": {
				"wholebody": {
					"rotation": {
						"0.0": [0, 0, 0],
						"0.5": [0, 0, 0]
					},
					"position": {
						"0.0": [0, 0, 0],
						"0.5": [0, 0, 0]
					},
					"scale": {
						"0.0": [1, 1, 1],
						"0.5": [1, 1, 1]
					}
				},
				"leg1": {
					"rotation": {
						"0.0": [-20, 0, 0],
						"0.125": [-32.5, 0, 0],
						"0.2917": [40, 0, 0],
						"0.5": [-20, 0, 0]
					},
					"position": {
						"0.0": [0, -2, 1],
						"0.125": [0, -2, 8],
						"0.2917": [0, -3, -13],
						"0.5": [0, -2, 1]
					}
				},
				"leglower2": {
					"rotation": [32.5, 0, 0]
				},
				"leg2": {
					"rotation": [-32.5, 0, 0],
					"position": {
						"0.0": [0, -2, 1],
						"0.125": [0, -2, 7],
						"0.2917": [0, -2, -12],
						"0.5": [0, -2, 1]
					}
				},
				"leglower1": {
					"rotation": [29.50673, -3.79132, -1.18418]
				},
				"body": {
					"rotation": {
						"0.125": [-15, 0, 0],
						"0.2917": [35, 0, 0]
					},
					"position": {
						"0.0": [0, 0, 0],
						"0.125": [0, -2, 8],
						"0.2917": [0, -2, -10],
						"0.5": [0, 0, 0]
					}
				}
			}
		}
	}
}